"Variable","AUC"
"MDS",0.612430081902203
"MDS1",0.662496002825288
